THEME_ID,theme_name,jargon_terms,context_description,related_themes,emotional_tone
THEME_LUXURY_HOROLOGY_001,Luxury Horology,"Rolex, AP (Audemars Piguet), Patek Philippe, Richard Mille, Cartier (""Cartis"").","Signals a transition from ""street rich"" to ""wealthy."" A ""Bust Down"" vs. a ""Plain Jane.""","status, survival, aspiration",luxurious|aspirational
THEME_THE_HUSTLE_002,"The ""Hustle""","The Trap, The Kitchen, ""Water"" (diamonds or high purity), ""Weight"" (bulk product).",References to the drug trade as a survival mechanism or a foundation for wealth.,"status, survival, aspiration",gritty|defiant
THEME_DIGITAL_FINANCE_003,Digital Finance,"Swipe, Method, Bin, CashApp, Bitcoin, ""The Dark Web,"" VPN.","""Scam Rap"" motifs; the evolution of the street hustle into digital white-collar crime.","status, survival, aspiration",calculated|opportunistic
THEME_HIGH_FASHION_004,High Fashion,"Rick Owens, Maison Margiela, Chrome Hearts, Celine, Saint Laurent.","Moving beyond ""mall brands"" to avant-garde and high-couture ""drip.""","status, survival, aspiration",luxurious|aspirational
THEME_FOOTWEAR_005,Footwear,"Jordan 1s, Yeezys, ""Red Bottoms"" (Christian Louboutin), Bape Stas.","Sneaker culture is the backbone of rap fashion; ""Red Bottoms"" usually refers to heels for women.","status, survival, aspiration",confident
THEME_THE_OPS_CONFLICT_006,"The ""Ops"" & Conflict","Opps (Opposition), ""Drilling,"" ""Spinning the block,"" ""Smoke"" (conflict).",The reality of neighborhood rivalries and the dangers of fame.,"status, survival, aspiration",confident
THEME_LEGAL_PRISON_007,Legal & Prison,"Indictment, RICO act, ""The Feds,"" Lawyer fees, ""Going up top.""",The constant threat of the legal system; often used to highlight the stakes of the lifestyle.,"status, survival, aspiration",confident
THEME_GEOGRAPHY_008,Geography,"Area codes (313, 212, 404), ""The 6"" (Toronto), ""The Town,"" ""The A.""","Local pride and establishing ""territory"" or ""home court advantage.""","status, survival, aspiration",confident
THEME_VICE_SUBSTANCES_009,Vice & Substances,"Wockhardt/Lean (Purple Drank), ""Gas/Zaza"" (high-grade weed), Percocet, ""Addy.""","Often used to discuss escapism, addiction, or the partying lifestyle.","status, survival, aspiration",confident|celebratory
THEME_LOYALTY_BETRAYAL_010,Loyalty & Betrayal,"Snitching, ""Ratting,"" ""Day ones,"" ""Day hunnids,"" ""Circle small.""",The moral code of the streets; the difficulty of knowing who to trust after getting rich.,"status, survival, aspiration",confident
THEME_SPORTS_REFERENCES_011,Sports References,"""Shooting like Curry,"" ""Ballin' like Kobe,"" ""Moving like a GM,"" ""Draft day.""",Comparing success in the music industry to the physical prowess and wealth of pro athletes.,"status, survival, aspiration",confident
THEME_DINING_LIFESTYLE_012,Dining & Lifestyle,"Nobu, Catch, Carbone, ""Private Chefs,"" Flying Private (PJ).","The ""fine dining"" phase of a rapper’s career; moving from fast food to world-class cuisine.","status, survival, aspiration",confident
THEME_WEAPONRY_013,Weaponry,"Glock, Draco, ""Stick,"" ""Pole,"" ""30-round clip,"" ""Laser.""","Used as metaphors for protection or aggression within the ""Drill"" subgenre.","status, survival, aspiration",confident
THEME_REAL_ESTATE_014,Real Estate,"Penthouse, Gated Community, ""The Hills,"" ""Buying the block back.""","Represents the final stage of success: leaving the ""hood"" and investing in property.","status, survival, aspiration",confident
THEME_TRICKING_PROVIDING_015,Tricking / Providing,"""Trickin' off,"" ""Sponsorship,"" ""Pay the rent,"" ""Bagging her,"" ""Allowance.""","Spending large sums on a partner's bills, hair, nails, or luxury gifts to secure their company.","status, survival, aspiration",confident
THEME_COSMETIC_SURGERY_016,Cosmetic Surgery,"""BBL"" (Brazilian Butt Lift), ""Turks & Caicos"" (surgery recovery spot), ""New body,"" ""Doctor Shopping.""",Paying for a partner’s physical enhancements is a common status symbol in modern lyrics.,"status, survival, aspiration",confident
THEME_LUXURY_ACCESSORIES_017,Luxury Accessories,"Birkin Bag (Hermès), Kelly Bag, Chanel, ""Red Bottoms"" (Louboutin), ""Chinchilla.""","These specific items are often the ""currency"" used in tricking or gifting.","status, survival, aspiration",luxurious|aspirational
THEME_THE_SIMP_VS_PIMP_018,"The ""Simp"" vs. ""Pimp""","""Captain Save-a-Hoe,"" ""Simpin',"" ""Pimpin' ain't easy,"" ""Main squeeze"" vs. ""Side piece.""","The internal debate in rap: being a provider (often mocked) versus being a ""player"" (celebrated).","status, survival, aspiration",confident|celebratory
THEME_TRAVEL_LOGISTICS_019,Travel & Logistics,"""G5"" (Gulfstream jet), ""First Class,"" ""Passport stamps,"" ""Exotic locations,"" ""Villas.""","Moving a woman or the ""squad"" across the world; ""PJ"" (Private Jet) culture is the peak of this theme.","status, survival, aspiration",confident
THEME_HIGH_END_RETAIL_020,High-End Retail,"Saks Fifth Avenue, Neiman Marcus (""Nee-mees""), Barneys, Rodeo Drive.","Where the ""tricking"" actually happens; references to ""running up a tab"" for someone else.","status, survival, aspiration",confident
THEME_HOSPITALITY_CLUBS_021,Hospitality / Clubs,"""Bottle Service,"" ""Section,"" ""Rain on 'em,"" ""Making it rain,"" ""Starlets"" (NYC club).",Spending thousands on alcohol and dancers in a single night to show dominance in the room.,"status, survival, aspiration",confident
THEME_THE_GLOW_UP_022,"The ""Glow Up""","""Transformation,"" ""Used to have nothing,"" ""Now we on,"" ""Upgrade.""",Discussing how the rapper (or their partner) looks and lives significantly better than before the fame.,"status, survival, aspiration",confident
THEME_DISCRETION_023,Discretion,"""NDA,"" ""No cameras,"" ""Keep it low,"" ""Deleted the footage.""","A sub-theme regarding the privacy required when living a high-stakes or ""tricking"" lifestyle.","status, survival, aspiration",confident
THEME_NAN_024,,,,Typical Lyric Motif,confident
THEME_TRICKING_025,Tricking,Paying for access or attention; often transactional.,"Someone the rapper just met or a ""video vixen.""","""I don't even know her name, I just bought the bag.""",confident
THEME_SPOILING_026,Spoiling,"Rewarding loyalty or ""holding it down"" during the struggle.","The ""Day One"" partner or ""Main Chick.""","""She was with me in the gym, now she in the Birkin store.""",confident
THEME_FINESSING_027,Finessing,Extracting resources through charm or deception.,"The ""Mark"" or the ""Trick"" (the person paying).","""I told him I need rent, but I went and bought some 'ccent (accent) jewelry.""",confident
THEME_SPONSORSHIP_028,Sponsorship,Long-term financial backing in exchange for a lifestyle.,"An ""Instagram Model"" or socialite.","""Monthly allowance,"" ""Signed the lease in my name.""",opportunistic|confident
THEME_AGENDA_CATEGORY_029,Agenda Category,The Core Objective,Key Themes & Lyrics,Common Jargon / Specifics,confident
THEME_THE_INDUSTRY_AGENDA_030,The Industry Agenda,Questioning the authenticity of an artist’s rise to fame.,"""Industry Plants,"" ""Selling your soul,"" rigged awards (Grammys).","""Owned my masters,"" 360 Deals, ""The Label,"" Clout chasing.",confident
THEME_THE_SOCIAL_POLITICAL_ADA_031,The Social/Political Ada,"Critiquing or exposing the ""unseen"" forces in society.","Systemic oppression, ""The Matrix,"" Government surveillance.","""The 1%,"" Big Pharma, ""New World Order,"" Illuminati.",confident|paranoid
THEME_THE_MALE_AGENDA_032,The Male Agenda,"Asserting dominance, detachment, and ""High Value"" status.","Financial dominance over women, emotional coldness, ""City Boys Up.""","""High Value Man,"" ""Rotation,"" ""Humble her,"" ""Freebandz lifestyle.""",confident
THEME_THE_FEMALE_AGENDA_033,The Female Agenda,"Prioritizing self-gain, ""leveling up,"" and financial extraction.","""City Girls,"" Manifestation, using men for resources, independence.","""Level up,"" ""BBL,"" ""Scamming,"" ""Secure the bag,"" ""High maintenance.""",confident
THEME_THE_SPIRITUAL_ESOTERIC_ADA_034,The Spiritual/Esoteric Ada,"Seeking enlightenment and battling ""negative energy.""","Opening the ""Third Eye,"" Ancestral protection, Spiritual warfare.","""Vibrations,"" ""Frequency,"" ""Ego death,"" ""The Alchemist,"" ""Aura.""",confident
THEME_THE_CONSPIRACY_ADA_035,The Conspiracy Ada,Believing in hidden hand behind world events.,"Population control, ""Digital Dollars,"" escaping the system.","""Red pill,"" ""Glitch in the Matrix,"" ""Sheep,"" ""The Puppet Masters.""",confident
THEME_NAN_036,,,,"status, survival, aspiration",confident
THEME_NAN_037,,,,"status, survival, aspiration",confident
THEME_NAN_038,,,,"status, survival, aspiration",confident
THEME_THE_CORPORATE_ADA_039,The Corporate Ada,Labels vs. Independent Artists,"Masters, 360 Deal, Advance, Equity, ""Slave Contract.""","status, survival, aspiration",confident
THEME_THE_STREET_ADA_040,The Street Ada,"Maintaining ""Realness""","Paperwork, Snitching, ""Civilians,"" ""Smacked,"" ""Taxing.""","status, survival, aspiration",gritty|defiant
THEME_THE_RELATIONSHIP_ADA_041,The Relationship Ada,Toxic Masculinity / Empowerment,"""City Boys Up,"" ""BBL Drizzy,"" ""High Value,"" ""Low Vibrational.""","status, survival, aspiration",confident
THEME_THE_WEALTH_ADA_042,The Wealth Ada,Generational Wealth,"Trust funds, Portfolios, Land ownership, ""Generational Run.""","status, survival, aspiration",confident
THEME_NAN_043,,,,"status, survival, aspiration",confident
THEME_PHILOSOPHY_044,Philosophy,"Detachment: ""She belongs to the streets."" Feelings are a weakness; money is the only constant.","Finesse: ""He’s a trick."" Using beauty and charm to extract resources from ""tricks.""","status, survival, aspiration",confident
THEME_FINANCIALS_045,Financials,"Gatekeeping: Using wealth to control access or ""upgrade"" a woman's life to keep her loyal.","Manifestation: ""Leveling up"" via a ""Sponsor"" or ""Sugar Daddy"" to fund a luxury lifestyle.","status, survival, aspiration",confident
THEME_THE_FLEX_046,"The ""Flex""","Quantity: Having ""rotations"" of women across different area codes.","The ""Bag"": Showing off the Birkin, the jewelry, or the BBL paid for by a man.","status, survival, aspiration",confident
THEME_JARGON_047,Jargon,"""Toxic,"" ""Low vibrational,"" ""High value,"" ""Rotation,"" ""Free the guys.""","""P*ssy Power,"" ""Scamming a scammer,"" ""Delusional,"" ""Princess treatment.""","status, survival, aspiration",confident
THEME_THE_METHOD_048,"The ""Method""","A specific step-by-step guide on how to commit a fraud (e.g., the ""Amazon Method"").",,"status, survival, aspiration",calculated|opportunistic
THEME_THE_SWIPE_049,"The ""Swipe"":","Using stolen credit card data (stored on a ""Fullz"") to buy luxury goods.",,"status, survival, aspiration",confident
THEME_BIN_BANK_IDENTIFICATION_NUMBER_050,BIN (Bank Identification Number),Logs: Username and password combinations for bank accounts or retail sites.,,"status, survival, aspiration",confident
THEME_VPN_TOR_051,VPN / Tor:,"Used to hide the scammer's IP address while browsing the ""Dark Web.""",,"status, survival, aspiration",confident
THEME_BURNERS_052,Burners:,"Laptops or phones used once for a ""hit"" and then destroyed.",,"status, survival, aspiration",confident
THEME_MULE_053,Mule,A person used to receive a package or transfer money so the scammer stays anonymous.,,"status, survival, aspiration",confident
THEME_ROBIN_HOOD_BEHAVIOR_054,"Robin Hood"" behavior","stealing from ""Big Banks"" or corporations rather than individuals.",,"status, survival, aspiration",confident
THEME_THEME_055,Theme,Common Specifics to Add,,"status, survival, aspiration",confident
THEME_TOXIC_LYRICS_056,Toxic Lyrics,"Gaslighting, ""Double Standards,"" Breadcrumbing, ""Toxic King.""",,"status, survival, aspiration",confident
THEME_SCAM_TERMS_057,Scam Terms,"CashApp, Bitcoin, Telegram groups, ""Dumping,"" ""Clone cards.""",,"status, survival, aspiration",confident
THEME_INDUSTRY_PLANT_058,Industry Plant,"""Labels in the shadows,"" ""Fake streams,"" ""A&R manufacturing,"" ""Nepo.""",,"status, survival, aspiration",confident
THEME_PARANOIA_SURVEILLANCE_059,Paranoia & Surveillance,,"Once a rapper becomes successful, the world-building shifts from ""chasing money"" to ""protecting it."" This creates a recurring theme of hyper-vigilance.","status, survival, aspiration",confident
THEME_THE_SNAKE_IN_THE_GRASS_060,"The ""Snake"" in the Grass","The idea that your closest friends or ""Day Ones"" will betray you for money.",,"status, survival, aspiration",confident
THEME_THE_FEDS_RICO_061,"The ""FEDs"" & RICO","World-building around the government watching your every move. Lyrics focus on ""wiretaps,"" ""informants,"" and ""the sting operation.""",,"status, survival, aspiration",confident
THEME_THE_PRIVACY_FLEX_062,"The ""Privacy"" Flex:","Mentions of ""Blacked-out windows,"" ""Private entries,"" ""NDAs,"" and ""Gated communities."" It’s a status symbol to be unreachable.",,"status, survival, aspiration",confident
THEME_THE_GENERATIONAL_WEALTH_LEGACY_063,"The ""Generational Wealth & Legacy""","Modern rap has moved from ""spending it all"" to ""owning it all."" This is the ""CEO Agenda.""",,"status, survival, aspiration",confident
THEME_THE_FAMILY_OFFICE_064,"The ""Family Office""","Mentions of buying land for their mother, setting up trust funds for children, and hiring their friends as ""consultants"" rather than just giving them cash.",,"status, survival, aspiration",confident
THEME_EQUITY_VS_CASH_065,Equity vs. Cash:,"Moving away from ""jewelry"" and toward ""stocks,"" ""REITs"" (Real Estate Investment Trusts), and ""Owning the Masters.""",,"status, survival, aspiration",calculated|opportunistic
THEME_THE_MOGUL_BLUEPRINT_066,"The ""Mogul"" Blueprint","Referencing Jay-Z, Dr. Dre, or P. Diddy as the ""Godfathers"" of this transition from artist to billionaire.",,"status, survival, aspiration",confident
THEME_THE_ESOTERIC_SPIRITUAL_WARFARE_067,"The ""Esoteric & Spiritual Warfare""","This adds a supernatural or philosophical layer to the world-building, common in both ""conscious"" and ""dark"" rap.",,"status, survival, aspiration",confident
THEME_SELLING_THE_SOUL_068,"Selling the Soul""","The recurring motif of the ""Devil at the crossroads."" It’s used to explain sudden fame or the feeling of losing one's identity to the industry.",,"status, survival, aspiration",confident
THEME_THE_EVIL_EYE_NAZAR_069,"The ""Evil Eye"" (Nazar):","A theme prevalent in UK and NYC Drill/Grime—the idea that others' jealousy is a literal curse or ""negative energy"" that can cause your downfall.",,"status, survival, aspiration",confident
THEME_THE_MATRIX_BREAKOUT_070,"The ""Matrix"" Breakout:","The idea that the world is a simulation or a trap (debt, taxes, 9-to-5s) and rap is the only way to ""glitch"" out of it.",,"status, survival, aspiration",confident
THEME_THE_GEOGRAPHIC_MYTHOLOGY_THEME_071,"The ""Geographic Mythology"" Theme","Rappers build worlds around their specific territory, turning neighborhoods into legendary, almost ""fictional"" sounding realms.",,"status, survival, aspiration",confident
THEME_THE_TRENCHES_072,"""The Trenches"":",A universal term for the most dangerous parts of any city.,,"status, survival, aspiration",confident
THEME_THE_BLOCK_VS_THE_PENTHOUSE_073,"The ""Block"" vs. The ""Penthouse"":",The physical journey from the concrete of the city to the glass of the high-rise.,,"status, survival, aspiration",confident
THEME_THE_HUB_074,"The ""Hub""","Every city has its ""Mecca"" (e.g., Magic City in Atlanta, Starlets in NYC, The 6 in Toronto). These locations are treated like sacred ground in the lyrics.",,"status, survival, aspiration",confident
THEME_NAN_075,,,,"status, survival, aspiration",confident
THEME_SURVIVALISM_076,Survivalism,"Making it out ""against all odds.""","""The Concrete Jungle,"" ""Survival of the fittest,"" ""Apex predator.""","status, survival, aspiration",confident
THEME_THE_JUDICIAL_SYSTEM_077,The Judicial System,"The constant battle with ""The State.""","""Public Defender,"" ""RICO,"" ""Co-defendant,"" ""No-Knock warrant.""","status, survival, aspiration",confident
THEME_HYPER_CONSUMERISM_078,Hyper-Consumerism,Using objects to fill emotional voids.,"""Retail Therapy,"" ""Shopping to forget,"" ""Diamonds for the pain.""","status, survival, aspiration",confident
THEME_MONARCHY_ROYALTY_079,Monarchy / Royalty,Positioning the rapper as a King or God.,"""The Throne,"" ""Kingdom,"" ""Prince of the City,"" ""Crown.""","status, survival, aspiration",confident
THEME_ESCAPISM_080,Escapism,"Using drugs, travel, or sex to flee reality.","""G5 flights,"" ""Zaza clouds,"" ""Island hopping,"" ""Numbing the pain.""","status, survival, aspiration",confident
THEME_THE_CODE_OF_SILENCE_081,"The ""Code of Silence""",The moral foundation of the underground.,"""Omertà,"" ""No paperwork,"" ""Taking it to the grave,"" ""Solid.""","status, survival, aspiration",confident
THEME_THE_AGENDA_OF_INDUSTRY_POWER_082,(The Agenda) of Industry Power,"There is a specific ""Ada"" regarding how power is distributed in the music world that rappers often build their lyrics around:",,"status, survival, aspiration",confident
THEME_THE_SHADOW_AGENDA_083,"The ""Shadow"" Agenda:","The belief that ""Secret Societies"" or a ""Cabal"" of executives decide who wins. This leads to lyrics about ""the 1%,"" ""gatekeepers,"" and ""vultures"" (people who profit off the culture without being part of it).",,"status, survival, aspiration",confident
THEME_THE_INDEPENDENT_AGENDA_084,"The ""Independent"" Agenda:","The glorification of the ""Independent Grind."" Artists like Nipsey Hussle or Russ built their world around ""Direct-to-Consumer"" sales and skipping the ""middleman.""",,"status, survival, aspiration",confident
THEME_PARANOIA_AND_SURVEILLANCE_085,Paranoia and Surveillance,"ransform a rapper’s environment from a playground into a chessboard. It is the transition from ""having it all"" to ""realizing everyone wants to take it."" This mythology is built on the idea that the ""Eye"" (the Government, the Envious, or the Industry) is always watching.",,"status, survival, aspiration",confident
THEME_THE_SURVEILLANCE_STATE_THE_FED_NARRATIVE_086,"The Surveillance State (The ""FED"" Narrative)",It treats the government as an omnipresent antagonist,,"status, survival, aspiration",confident
THEME_THE_VAN_MOTIF_087,"The ""Van"" Motif","The classic imagery of a plain white van or a ""tinted SUV"" parked down the block. It’s the visual shorthand for a wiretap or a stakeout.",,"status, survival, aspiration",confident
THEME_THE_RICO_SHADOW_088,"The ""RICO"" Shadow","In modern rap (especially after the Young Thug/YSL case), the RICO Act is the ultimate boogeyman. It represents the government’s ability to turn a ""crew"" into a ""criminal enterprise.""",,"status, survival, aspiration",confident
THEME_THE_BLUE_WHITE_VS_UNDERCOVER_089,"The ""Blue & White"" vs. ""Undercover"":","The distinction between ""12"" (standard police) and ""The Feds"" or ""Task Force."" The former is a nuisance; the latter is a career-ender.",,"status, survival, aspiration",confident
THEME_DIGITAL_FOOTPRINTS_090,Digital Footprints:,"Lyrics about ""switching SIM cards,"" ""staying off the 'Gram,"" and ""encrypted chats"" (Telegram/Signal). This builds a world where a single Instagram post is a self-incriminating piece of evidence.",,"status, survival, aspiration",calculated|opportunistic
THEME_THE_SNAKE_MYTHOLOGY_INTERNAL_PARANOIA_091,"The ""Snake"" Mythology (Internal Paranoia)","If the Feds are the external threat, the ""Snake"" is the internal one. This theme focuses on the psychological toll of not knowing who to trust.",,"status, survival, aspiration",confident
THEME_THE_JUDAS_ARCHETYPE_092,"The ""Judas"" Archetype:","The friend who has been there since day one but is secretly working with the ""Opps"" or the ""State.""",,"status, survival, aspiration",confident
THEME_KEEP_YOUR_CIRCLE_SMALL_093,"""Keep Your Circle Small""","This isn't just a catchy phrase; it’s a survival strategy. World-building lyrics often describe the rapper ""cutting people off"" or ""staying in the house"" to avoid betrayal.",,"status, survival, aspiration",confident
THEME_THE_DINNER_TABLE_TEST_094,"The ""Dinner Table"" Test:","A recurring motif where the rapper looks around a table of his ""friends"" and wonders who would ""fold"" (confess) under pressure.",,"status, survival, aspiration",confident
THEME_THE_EVIL_EYE_ENVY_THE_ESOTERIC_THREAT_095,"The ""Evil Eye"" & Envy (The Esoteric Threat)","In many rap cultures (specifically UK Drill and Caribbean-influenced rap), paranoia takes a spiritual turn through the ""Evil Eye"" or ""Juju.""",,"status, survival, aspiration",confident
THEME_WATCHING_MY_PLATE_096,"Watching My Plate""",A common metaphor for people who are obsessed with the rapper's success and are waiting for them to fail.,,"status, survival, aspiration",luxurious|aspirational
THEME_VIBRATIONS_ENERGY_097,Vibrations & Energy:,"The idea that ""negative energy"" can literally manifest as bad luck, a car crash, or a failed deal.",,"status, survival, aspiration",confident
THEME_PROTECTIVE_CHARMS_098,Protective Charms:,"Wearing certain jewelry (like the ""Eye of Fatima"" or ""Hamsa"") not just for fashion, but as a spiritual ""bulletproof vest"" against jealousy.",,"status, survival, aspiration",confident
THEME_NAN_099,,,,"status, survival, aspiration",confident
THEME_THE_SKY_100,"""The Sky""","Police Helicopters (""Ghetto Birds"").","Establishes the feeling of being ""hunted"" from above.","status, survival, aspiration",confident
THEME_PAPERWORK_101,"""Paperwork""",Official court documents/transcripts.,"Used to prove someone is an informant (""snitch"").","status, survival, aspiration",confident
THEME_WIRE_BUG_102,"""Wire"" / ""Bug""",Hidden microphones.,"Creates a world where even ""pillow talk"" is dangerous.","status, survival, aspiration",confident
THEME_STAINS_103,"""Stains""","People who are easy to rob or ""set up.""",Highlights the constant threat of being a target.,"status, survival, aspiration",confident
THEME_BLACKED_OUT_104,"""Blacked Out""",Limo tint on windows/all-black clothing.,"The visual of wanting to be ""invisible"" while in public.","status, survival, aspiration",confident
THEME_SAFE_HOUSE_105,"""Safe House""","A secondary, secret residence.","Shows the need for a ""fallback"" position if things go wrong.","status, survival, aspiration",confident
THEME_THE_MATRIX_THE_SIMULATION_106,"The ""Matrix"" & The Simulation","A newer ""Ada"" (Agenda) in paranoia world-building is the idea that the entire system is a Simulation designed to keep people ""asleep.""",,"status, survival, aspiration",confident
THEME_THE_TRUMAN_SHOW_EFFECT_107,"The Truman Show"" Effect","Rappers describing the feeling that their life is a curated show for the masses, and they are being watched by an audience that wants to see them crash.",,"status, survival, aspiration",confident
THEME_FREE_YOUR_MIND_108,"""Free Your Mind""","Lyrics about escaping the ""mental plantation"" of debt, social media addiction, and 9-to-5 labor.",,"status, survival, aspiration",confident
THEME_THE_GLITCH_109,"The ""Glitch"":","When a rapper sees something ""off"" in the industry (like a sudden death or a weird contract), they describe it as a glitch in the Matrix.",,"status, survival, aspiration",confident
THEME_THE_MAIN_FIRST_LADY_110,"The ""Main"" / ""First Lady","The woman who was there before the fame. She represents ""Loyalty"" and ""Realness."" She is the one the rapper ""buys the house"" for.",,"status, survival, aspiration",confident
THEME_THE_INSTAGRAM_MODEL_VIXEN_111,"The ""Instagram Model"" / ""Vixen"":","A woman with a massive social media following. To the rapper, she is a ""Trophy."" Being seen with her is a ""flex"" that proves his ""High Value"" status.",,"status, survival, aspiration",opportunistic|confident
THEME_THE_FINE_CHINA_112,"The ""Fine China"":","A woman who is ""delicate"" and ""expensive."" This archetype focuses on high-end fashion, ""clean"" aesthetics, and a lifestyle that requires constant financial maintenance (the ""Princess Treatment"").",,"status, survival, aspiration",confident
THEME_THE_CITY_GIRL_SCAMMER_113,"The ""City Girl"" / ""Scammer"":","A woman who is just as ""toxic"" as the rapper. She is idolized for her ability to ""finesse"" men and her emotional detachment.",,"status, survival, aspiration",confident
THEME_NAN_114,,,,"status, survival, aspiration",confident
THEME_SOFT_LAUNCH_115,"""Soft Launch""",Posting a photo where only the man's watch or hand is visible.,"Creating ""mystery"" around who is ""sponsoring"" the lifestyle.","status, survival, aspiration",confident
THEME_THE_ARCHIVES_116,"""The Archives""","Old photos of a woman before she had ""work"" (surgery) done.","Used by rivals to suggest a woman’s beauty isn't ""organic.""","status, survival, aspiration",confident
THEME_FIY_BADDIE_117,"""Fiy"" / ""Baddie""",General term for a high-level attractive woman.,"The baseline requirement for being in the rapper's ""rotation.""","status, survival, aspiration",confident
THEME_ACTIVE_118,"""Active""","A woman who is frequently out at the ""hot spots"" (clubs/restaurants).","Can be a compliment (socialite) or a red flag (not ""wifey"" material).","status, survival, aspiration",confident
THEME_VIEWED_THE_STORY_119,"""Viewed the Story""",A rapper noticing a woman’s Instagram story.,"The modern ""first move"" in the courtship narrative.","status, survival, aspiration",confident
THEME_VERIFIED_120,"""Verified""",Having the Blue Checkmark.,"In this world, a Blue Check is seen as a ""social credit score"" that makes someone more ""reachable.""","status, survival, aspiration",confident
THEME_THE_ROSTER_ROTATION_121,"The ""Roster"" / ""Rotation""","The idea that a man should never have just one woman. He has a ""bench"" of women he can call at any time.",,"status, survival, aspiration",confident
THEME_SPINNING_BACK_122,"""Spinning Back"":","Returning to an ex-partner only for physical reasons, never emotional ones.",,"status, survival, aspiration",confident
THEME_SENDING_THE_JET_UBER_XL_123,"Sending the Jet / Uber XL""","The hierarchy of transportation. Sending a ""Private Jet"" is the ultimate ""Tricking"" flex; sending an ""Uber"" is a sign of low effort or ""treating her like a local.""",,"status, survival, aspiration",confident
THEME_BUYING_A_NEW_BODY_124,"""Buying a New Body""","The ultimate ""Mogul"" move. A rapper will rap about paying for a woman's BBL (Brazilian Butt Lift), teeth (Veneers), or hair as a way of ""claiming"" her or ""upgrading"" his environment.",,"status, survival, aspiration",confident
THEME_THE_TOXIC_DYNAMIC_CITY_BOYS_VS_CITY_GIRLS_125,"The ""Toxic"" Dynamic: ""City Boys"" vs. ""City Girls""","It’s a game of Emotional Chicken—whoever catches feelings first, loses.",,"status, survival, aspiration",confident
THEME_THE_LOW_MAINTENANCE_MYTH_126,"The ""Low Maintenance"" Myth:","Rappers often claim they want a ""simple girl,"" but their lyrics only celebrate women in Hermès and Cartier. This creates a ""Double Standard"" theme.",,"status, survival, aspiration",confident
THEME_PROTECTING_THE_BRAND_127,"""Protecting the Brand"":","A rapper might idolize a woman because she is ""quiet"" or ""private"" (no ""leaks,"" no ""clout-chasing""). In a world of Paranoia, a woman who can keep a secret is the highest form of idolization.",,"status, survival, aspiration",confident
THEME_THE_MUSE_128,"The ""Muse""","Like Kanye West or Travis Scott, some rappers treat women as ""Art Projects,"" styling them in specific clothes and ""rebranding"" them to fit their current aesthetic.",,"status, survival, aspiration",confident
THEME_NAN_129,,,,"status, survival, aspiration",confident
THEME_QUEEN_ING_BUYING_LAND_PUBLIC_PRAISE_HOLD_IT_DOWN_130,"""Queen-ing"": Buying land, public praise, ""Hold it down.""","""Disposability"": ""Next one up,"" ""She for the streets.""","""The Contract"": Allowances, NDAs, ""Pay for play.""","status, survival, aspiration",confident
THEME_SYMBOL_THE_WEDDING_RING_THE_HOME_131,Symbol: The Wedding Ring / The Home.,"Symbol: The ""Block"" / The Delete Button.",Symbol: The Birkin Bag / The CashApp.,"status, survival, aspiration",confident
THEME_THE_PROOF_OF_LIFE_THE_STATUS_GRID_132,"The ""Proof of Life"" (The Status Grid)","In rap, if it wasn't posted, it didn't happen. This creates a theme of performative wealth.",,"status, survival, aspiration",confident
THEME_PHOTO_DUMPS_133,"Photo Dumps""","A curated slide of 10 images that looks ""random"" but is actually a calculated display of power. It usually includes: A private jet wing, a blurry photo of a high-end meal (Carbone/Nobu), a stack of cash, and a ""candid"" shot of a beautiful woman.",,"status, survival, aspiration",confident
THEME_MOTION_134,"""Motion""","A catch-all term for having things happening. ""Having motion"" means your Instagram shows you are busy, traveling, and making money. If your page is ""dry,"" you have ""no motion.",,"status, survival, aspiration",confident
THEME_THE_LOCATION_TAG_135,"""The Location Tag","Using ""hidden"" or ""exclusive"" location tags (like Caniouan, Saint-Tropez, or Private Residence) to show you are in places the average person (the ""civilians"") cannot access.",,"status, survival, aspiration",opportunistic|confident
THEME_THE_MECHANICS_OF_THE_DM_DIGITAL_COURTSHIP_136,"The Mechanics of ""The DM"" (Digital Courtship)","The ""Direct Message"" is the frontline of the modern male-female dynamic in rap. It is where ""Tricking"" begins.",,"status, survival, aspiration",calculated|opportunistic
THEME_RESTRICTED_LIST_CLOSE_FRIENDS_137,"Restricted List"" / ""Close Friends""","A sub-theme of Paranoia. Rappers will post their ""real"" life (the ""illegal"" or ""toxic"" stuff) only to their Close Friends list to avoid ""The Feds"" or ""Leakers.""",,"status, survival, aspiration",confident
THEME_SLIDE_138,"""Slide"":","The act of entering a woman’s DMs. Rappers often brag about ""sliding"" on a woman who is already in a relationship with a ""regular guy"" to prove their superior status.",,"status, survival, aspiration",confident
THEME_BLUE_CHECK_VALIDATION_139,"""Blue Check Validation"":","The idea that the ""Blue Check"" acts as a skeleton key. Rappers will rap about how they don't even have to speak; they just ""heart"" a photo and the woman knows to ""pack a bag.""",,"status, survival, aspiration",confident
THEME_FACE_CARD_140,"""Face Card"":","A woman’s beauty as a form of currency. If her ""face card never declines,"" it means she can get into any club, any jet, or any VIP section for free because of her looks.",,"status, survival, aspiration",confident
THEME_THE_JET_SETTER_141,"""The Jet Setter""","A theme where women are idolized for being ""world-travelers."" However, the subtext (The ""Ada"") is often: Who paid for the flight? Rappers will ""expose"" women by claiming they paid for their ""Dubai trip"" or ""Cabo trip.""",,"status, survival, aspiration",confident
THEME_INFLUENCER_VS_VIXEN_142,"""Influencer vs. Vixen","The subtle hierarchy. A ""Vixen"" is old-school (music videos); an ""Influencer"" is modern (Instagram/TikTok). Rappers prefer the latter because she brings her own ""clout"" to the relationship.",,"status, survival, aspiration",confident
THEME_NAN_143,,,,"status, survival, aspiration",confident
THEME_CLOUT_CHASING_144,"""Clout Chasing""",Betrayal / Status,Using a rapper’s name or image on Instagram to gain followers/fame.,"status, survival, aspiration",confident
THEME_BOOKED_AND_BUSY_145,"""Booked and Busy""",Motion,"A woman or artist claiming they are constantly working to increase their ""market value.""","status, survival, aspiration",confident
THEME_SHADOWBANNED_146,"""Shadowbanned""",Surveillance,"Claiming the ""Algorithm"" (the digital Feds) is suppressing their content because they are ""too real.""","status, survival, aspiration",confident
THEME_RECEIPTS_147,"""Receipts""",Accountability,"Screenshots of DMs, bank transfers, or flights used as ""evidence"" in a public ""Gender War"" fallout.","status, survival, aspiration",confident
THEME_STALKING_148,"""Stalking""",Paranoia,"Checking an ex’s or an ""Opp’s"" story from a ""Burner Account"" (fake profile).","status, survival, aspiration",confident
THEME_CAPTIONS_149,"""Captions""",Messaging,"Using song lyrics to send ""subliminal"" messages to enemies or lovers without naming them.","status, survival, aspiration",confident
THEME_THE_AESTHETIC_HIERARCHY_THE_VISUAL_ADA_150,"The ""Aesthetic"" Hierarchy (The Visual Ada)","There is an ongoing ""Agenda"" regarding how a rapper’s Instagram should look to signal different types of power:",,"status, survival, aspiration",confident
THEME_THE_HUSTLER_AESTHETIC_151,"The ""Hustler"" Aesthetic","Low-quality photos, lots of cash, ""raw"" footage from the block. Signals Authenticity.",,"status, survival, aspiration",gritty|defiant
THEME_THE_OLD_MONEY_AESTHETIC_152,"The ""Old Money"" Aesthetic:","High-quality film photography, neutral colors, minimalist fashion (Loro Piana/Brunello Cucinelli). Signals Ascension (moving past the ""hood"").",,"status, survival, aspiration",confident
THEME_THE_ROCKSTAR_AESTHETIC_153,"The ""Rockstar"" Aesthetic:","Flash photography, leather, messy rooms, ""toxic"" behavior. Signals Rebellion.",,"status, survival, aspiration",confident
THEME_THE_GIRL_DAD_VS_PLAYER_PARADOX_154,"The ""Girl Dad"" vs. ""Player"" Paradox","A fascinating theme in Instagram world-building is the shift between the ""Toxic Player"" and the ""Family Man.""","A rapper might post a photo ""tricking"" on three different women on Friday, but on Sunday, he posts a photo with his daughter (the ""Girl Dad"" theme).","status, survival, aspiration",confident
THEME_THE_SECTION_THE_THRONE_ROOM_155,"The ""Section"" (The Throne Room)","you don't just ""go to the club."" You ""buy a section."" The section is a cordoned-off VIP area that serves as a temporary kingdom.",,"status, survival, aspiration",confident
THEME_THE_FRONT_ROW_156,"The Front Row"":","The most expensive table, usually right next to the DJ or the dance floor. This signals you are the ""Top Don"" of the night.",,"status, survival, aspiration",confident
THEME_THE_WALL_157,"""The Wall""","Rappers often rap about ""standing on the couches"" with their backs against the wall. This is a Paranoia motif—you never want your back to the room so you can see the ""Ops"" or ""12"" coming.",,"status, survival, aspiration",confident
THEME_THE_ROPE_158,"""The Rope"":","The physical velvet rope. Rappers discuss who they ""let behind the rope"" and who they leave outside, using it as a metaphor for social gatekeeping.",,"status, survival, aspiration",confident
THEME_THE_BOTTLE_GIRL_ECONOMY_THE_GATEKEEPERS_159,"The ""Bottle Girl"" Economy (The Gatekeepers)","Bottle girls are a central archetype in modern rap. They are often the ""muses"" for rappers and the primary targets for ""tricking.""",,"status, survival, aspiration",confident
THEME_THE_PARADE_160,"The Parade""","When a rapper buys 20+ bottles of Ace of Spades or Don Julio 1942, the girls bring them out with sparklers and signs. This is the ultimate ""Visual Ada"" (Agenda)—it forces everyone in the club to look at who is spending the most.",,"status, survival, aspiration",confident
THEME_THE_TAB_161,"The Tab""","Bragging about a $50,000 or $100,000 ""tab"" (receipt) is a core theme. It’s not about the alcohol; it’s about the ability to ""burn"" that much money in four hours.",,"status, survival, aspiration",confident
THEME_THE_TIP_162,"""The Tip""","A rapper ""tricking"" on a bottle girl by leaving a massive tip ($5k–$10k) is a way to establish dominance over the club's ""infrastructure.""",,"status, survival, aspiration",confident
THEME_NAN_163,,,,"status, survival, aspiration",confident
THEME_THE_PROMOTER_164,The Promoter,"To bring the ""Baddies"" to the section.",The middleman who bridges the gap between the Rapper and the Instagram Models.,"status, survival, aspiration",confident
THEME_THE_SECURITY_165,The Security,"To maintain the ""Private Perimeter.""","Usually mentioned as ""The Muscle"" or ""The Enforcers"" who keep the ""Ops"" away.","status, survival, aspiration",confident
THEME_THE_VULTURES_166,"The ""Vultures""",People trying to get into the section for free drinks/clout.,"Rappers rap about ""fanning off"" the vultures and keeping the circle tight.","status, survival, aspiration",confident
THEME_THE_WALK_IN_167,"The ""Walk-In""",Entering the club with a 30-person entourage.,"Demonstrates ""Army"" strength and financial backing (paying for everyone's entry).","status, survival, aspiration",confident
THEME_THE_BOTTLE_WAR_NARRATIVE_168,"The ""Bottle War"" Narrative",This is a specific sub-theme where two rival groups or rappers try to out-spend each other in the same club.,,"status, survival, aspiration",confident
THEME_SENDING_A_BOTTLE_169,"Sending a Bottle""","A psychological move. A rapper might send a single bottle of cheap champagne to a rival’s table as an insult (implying they look thirsty), or send an expensive one as a ""peace offering"" or a show of superior wealth.",,"status, survival, aspiration",confident
THEME_CLOSING_THE_CLUB_170,"""Closing the Club""","Being the last person in the section when the lights come on. It’s a sign of stamina and having ""limitless"" funds.",,"status, survival, aspiration",confident
THEME_NIGHTLIFE_JARGON_INSTAGRAM_SYNERGY_171,Nightlife Jargon & Instagram Synergy,"The club is where ""Content"" for Instagram is manufactured.",,"status, survival, aspiration",opportunistic|confident
THEME_THE_RECAP_172,"The Recap"":","A high-definition video posted the next day showing the rapper in the club. It usually features ""slow-motion"" shots of jewelry and ""Baddies"" laughing.",,"status, survival, aspiration",confident
THEME_SHADOW_BOXING_173,"""Shadow Boxing"":","Rappers often rap about ""shadow boxing"" in the section—literally punching the air while holding a bottle. It represents their readiness for a fight, even while celebrating.",,"status, survival, aspiration",confident
THEME_SECTION_RULES_174,"""Section Rules""","""No phones"" (to prevent ""leaks"" or ""paranoia""), ""No sitting"" (energy must stay high), and ""Ladies only"" (no random men allowed in the rapper's space).",,"status, survival, aspiration",confident
THEME_THE_AFTER_PARTY_THE_TRANSITION_175,"The ""After-Party"" (The Transition)",The world-building doesn't end when the club closes at 4:00 AM.,,"status, survival, aspiration",confident
THEME_THE_SPRINTER_176,"""The Sprinter""","The Mercedes Sprinter van is the ""limo"" of modern rap. It’s where the ""Roster"" of women from the club is moved to the ""Safe House"" or the ""Penthouse.""",,"status, survival, aspiration",confident
THEME_THE_WAFFLE_HOUSE_DINER_177,"""The Waffle House / Diner"":","A recurring theme of ""rich but still hood."" Even after spending $20k in the club, the rapper goes to a 24-hour diner, bringing the ""Baddies"" into a ""civilian"" environment.",,"status, survival, aspiration",confident
THEME_THE_4_00_AM_TRANSITION_I_178,The 4:00 AM transition i,"is the most vulnerable and revealing part of the rap ""world-building"" narrative. It is the bridge between the public performance of the club and the private reality of the ""fortress."" In this space, the ""Alpha"" persona either intensifies or cracks under the pressure of Paranoia and Exhaustion.",,"status, survival, aspiration",confident
THEME_NAN_179,,,,"status, survival, aspiration",confident
THEME_THE_HEADCOUNT_180,"""The Headcount""",Checking who is in the van.,"Ensuring only ""vetted"" women and loyal ""soldiers"" are present.","status, survival, aspiration",confident
THEME_COLLECT_THE_PHONES_181,"""Collect the Phones""",Forcing guests to put phones in a bag.,"Anti-Surveillance: Preventing ""leaks,"" ""secret recordings,"" or ""location drops.""","status, survival, aspiration",opportunistic|paranoid
THEME_FACE_ID_182,"""Face ID""",Looking at a girl's IG one last time.,"Ensuring her ""Market Value"" and ""Vibe"" match the after-party energy.","status, survival, aspiration",confident|celebratory
THEME_THE_TAIL_183,"""The Tail""","Checking if any ""Opps"" or ""Feds"" are following.",Highlighting the Paranoia that follows the rapper out of the club.,"status, survival, aspiration",confident
THEME_THE_DESTINATION_ARCHETYPES_184,The Destination Archetypes,"The after-party doesn't always happen at the rapper's main home. Depending on the level of ""danger"" or ""secrecy,"" the destination changes.",,"status, survival, aspiration",confident
THEME_NAN_185,,,,"status, survival, aspiration",confident
THEME_THE_SAFE_HOUSE_186,"The ""Safe House""",Security / Low Profile,"Bare furniture, high-end security systems, tucked away in a ""regular"" neighborhood.","status, survival, aspiration",confident
THEME_THE_AIRBNB_187,"The ""Airbnb""",Disposability / No Traces,A rental used specifically for the night to keep the rapper’s real address a secret.,"status, survival, aspiration",confident
THEME_THE_PENTHOUSE_188,"The ""Penthouse""",Luxury / Conquest,"Floor-to-ceiling glass, 360-degree city views. Used to ""wow"" the women and prove total dominance.","status, survival, aspiration",confident
THEME_THE_STUDIO_189,"The ""Studio""","Work Ethic / ""The Grind""","Turning the party into a recording session. Shows the rapper ""never sleeps"" and prioritizes the music.","status, survival, aspiration",confident|celebratory
THEME_THE_FEMALE_DYNAMIC_THE_SELECTION_VS_THE_CUT_190,"The Female Dynamic: ""The Selection"" vs. ""The Cut""","At 4:00 AM, the ""Gender War"" becomes a game of musical chairs. Not every woman from the club makes it to the final destination.",,"status, survival, aspiration",confident
THEME_THE_CUT_191,"""The Cut"":","The moment at the curb where the promoter tells certain girls, ""There’s no more room in the van."" This creates a hierarchy of ""Tier 1 Baddies.""",,"status, survival, aspiration",confident
THEME_THE_PLUS_ONE_192,"""The Plus One"":","A rapper might want one girl, but she refuses to go without her friend. The rapper must decide if ""sponsoring"" the friend is worth the ""access"" to the target.",,"status, survival, aspiration",confident
THEME_THE_BREAKFAST_RUN_193,"""The Breakfast Run""","As we discussed, moving the 4:00 AM group to a 24-hour spot (Waffle House, IHOP). This is a ""Humility Flex""—showing that despite the millions, they are still ""connected to the streets.""",,"status, survival, aspiration",confident
THEME_SUBSTANCE_PSYCHOLOGICAL_THEMES_194,Substance & Psychological Themes,"The 4:00 AM era is where the ""Vice"" themes often turn darker or more reflective.",,"status, survival, aspiration",confident
THEME_NAN_195,,,,"status, survival, aspiration",confident
THEME_ESCAPISM_196,Escapism,"""Codeine Crazy,"" ""Xanny Bar,"" ""Perky.""","Moving from ""Partying"" to ""Numbing."" Dealing with the comedown of fame.","status, survival, aspiration",confident|celebratory
THEME_PILLOW_TALK_197,Pillow Talk,"""Don't tell,"" ""Loose lips,"" ""Confessions.""",The danger of a rapper saying too much to a woman he just met while under the influence.,"status, survival, aspiration",confident
THEME_SUNLIGHT_FEAR_198,Sunlight Fear,"""Vampires,"" ""The Sun coming up,"" ""Closing the blinds.""","The anxiety of the ""party"" ending and reality (legal issues, bills, stress) setting in.","status, survival, aspiration",confident|celebratory
THEME_THE_CLEANUP_199,"The ""Cleanup""","""Delete the footage,"" ""Send the Ubers.""","The cold, transactional end of the night where everyone is sent home.","status, survival, aspiration",confident
THEME_TRICKING_AT_4_00_AM_THE_FINAL_TRANSACTION_200,"""Tricking"" at 4:00 AM: The Final Transaction","This is where the ""Tricking"" we discussed earlier becomes literal.",,"status, survival, aspiration",confident
THEME_THE_CASHAPP_AT_SUNRISE_201,"The CashApp at Sunrise""","A rapper sending a ""thank you"" or ""get home safe"" payment to a woman. It’s a way to maintain his reputation as a ""Provider"" or ""Sponsor.""",,"status, survival, aspiration",calculated|opportunistic
THEME_THE_UBER_BLACK_202,"""The Uber Black""","Sending the woman home in a luxury vehicle rather than a standard one. It’s the final ""Status"" mark of the night.",,"status, survival, aspiration",confident
THEME_THE_GIFT_203,"""The Gift""","In high-level ""Mogul"" world-building, a woman might leave the after-party with a piece of jewelry or a designer bag as a ""parting gift.""",,"status, survival, aspiration",confident
THEME_THE_MORNING_AFTER_AGENDA_THE_ADA_204,"The ""Morning After"" Agenda (The Ada)","There is a recurring ""conscious"" theme about the ""4:00 AM Regret."" This is the moment where the rapper looks at the mess, the strangers in his house, and the money spent, wondering if it was all ""for the 'Gram"" or if it was real.",,"status, survival, aspiration",confident
THEME_THE_EMPTY_FEELING_205,"""The Empty Feeling"":","Realizing the ""clout"" is temporary",,"status, survival, aspiration",confident
THEME_THE_RESET_206,"""The Reset"":",Waking up at 2:00 PM to start the whole cycle over again for the next club night.,,"status, survival, aspiration",confident
THEME_THE_CLEAN_UP_DAMAGE_CONTROL_207,"The ""Clean Up"" & Damage Control","The first few hours of the afternoon are dedicated to erasing the ""traces"" of the 4:00 AM life to protect the ""Brand"" and ""Legal Standing.""",,"status, survival, aspiration",confident
THEME_NAN_208,,,,"status, survival, aspiration",confident
THEME_NDAS_PRIVACY_209,NDAs & Privacy,"""Signing the papers,"" ""NDA on the counter.""","Ensuring no one leaks ""behind-the-scenes"" footage to blogs like The Shade Room.","status, survival, aspiration",confident
THEME_DIGITAL_SCRUBBING_210,Digital Scrubbing,"""Check the tags,"" ""Delete that story.""","Removing evidence of being in specific places or with specific people (avoiding ""Opps"" or ""The Feds"").","status, survival, aspiration",calculated|opportunistic
THEME_PHYSICAL_MAINTENANCE_211,Physical Maintenance,"""The Maid Service,"" ""The Detailer.""","Erasing the evidence of the party from the ""Safe House"" or the ""Sprinter.""","status, survival, aspiration",confident|celebratory
THEME_THE_GHOST_212,"The ""Ghost""","""Going Ghost,"" ""Airplane Mode.""","Cutting off all communication to recover and avoid ""Clout Chasers"" asking for money.","status, survival, aspiration",confident
THEME_THE_PROFESSIONAL_INNER_CIRCLE_THE_WAR_ROOM_213,"The Professional Inner Circle (The ""War Room"")",,,"status, survival, aspiration",confident
THEME_THE_JEWELER_THE_APPRAISAL_214,"The ""Jeweler"" (The Appraisal)","Calls to the jeweler to fix a ""bust down"" watch or order a new ""piece."" The jeweler is often a therapist-figure who knows the rapper’s financial secrets.",,"status, survival, aspiration",confident
THEME_THE_FIXER_THE_LAWYER_215,"The ""Fixer"" (The Lawyer):","Not just for criminal cases, but for ""Civil"" issues—handling ""accidents,"" noise complaints from the Airbnb, or ""hush money"" (legal settlements).",,"status, survival, aspiration",confident
THEME_THE_MONEY_MANAGER_ACCOUNTANT_216,"The ""Money Manager"" / ""Accountant"":","The person who gives the rapper a ""reality check."" Lyrics often feature the rapper arguing with their accountant about ""overspending"" versus ""investing.""",,"status, survival, aspiration",confident
THEME_THE_A_R_MANAGER_217,"The ""A&R"" / ""Manager"":","Looking at the ""stats"" from the night. Did the ""recap"" video go viral? Is the song ""charting""?",,"status, survival, aspiration",confident
THEME_THE_RECOVERY_THEME_HEALTH_WELLNESS_218,"The ""Recovery"" Theme (Health & Wellness)","A growing theme in modern ""High Value"" rap is the obsession with staying ""fit for the fight."" This is the Wellness Agenda.",,"status, survival, aspiration",confident
THEME_IV_DRIPS_219,"""IV Drips""","Rappers getting vitamin IV drips to recover from the alcohol and ""Wockhardt"" (Lean) consumption.",,"status, survival, aspiration",confident
THEME_THE_CHEF_220,"""The Chef"":","Moving from 4:00 AM Waffle House to a private chef preparing ""Sea Moss,"" ""Pressed Juices,"" and ""Alkaline Water.""",,"status, survival, aspiration",confident
THEME_THE_TRAINER_221,"""The Trainer"":","Boxing or weightlifting in the afternoon. This signals ""Discipline"" and the ability to out-work the competition.",,"status, survival, aspiration",confident
THEME_NAN_222,,,,"status, survival, aspiration",confident
THEME_WIRE_TRANSFER_223,"""Wire Transfer""",Wealth / Power,"The sound of a ""ping"" on the phone signaling a new deal or a ""cleared"" payment.","status, survival, aspiration",confident
THEME_EQUITY_224,"""Equity""",Legacy,"Owning a percentage of the liquor brand, the weed brand, or the clothing line.","status, survival, aspiration",confident
THEME_THE_ADVANCE_225,"""The Advance""",Debt / Trap,"Taking money from the label; often framed as ""selling your future"" if you aren't smart.","status, survival, aspiration",confident
THEME_QUARTERLY_REPORTS_226,"""Quarterly Reports""",Maturity,"Checking the streaming numbers and ""royalties.""","status, survival, aspiration",confident
THEME_TAX_WRITE_OFF_227,"""Tax Write-off""",Strategy,"Framing the cars, the jewelry, and the ""After-Party"" as ""business expenses"" for the ""Brand.""","status, survival, aspiration",confident|celebratory
THEME_THE_BUSINESS_VS_STREET_CONFLICT_228,"The ""Business vs. Street"" Conflict",A major world-building theme is the Identity Crisis that happens during the day.,,"status, survival, aspiration",gritty|defiant
THEME_THE_PHONE_CALL_229,The Phone Call:,"The rapper has to switch from talking ""Street"" to his ""Day Ones"" to talking ""Corporate"" to a CEO or a Lawyer.",,"status, survival, aspiration",opportunistic|confident
THEME_THE_TAXMAN_230,"""The Taxman"":","Paranoia shifts from ""The Feds"" (criminal) to ""The IRS"" (financial). Lyrics about ""offshore accounts"" or ""stashing cash in the walls"" to avoid being ""audited.""",,"status, survival, aspiration",gritty|defiant
THEME_6_THE_SPONSORSHIP_RE_UP_INSTAGRAM_MAINTENANCE_231,"6. The ""Sponsorship"" Re-Up (Instagram Maintenance)","In the afternoon, the rapper coordinates with the women from the night before to ensure the ""Brand Narrative"" is consistent.",,"status, survival, aspiration",opportunistic|confident
THEME_TAG_ME_232,"""Tag Me"":","Telling the woman to tag the rapper in her ""thank you"" post to keep the ""Mogul"" image alive.",,"status, survival, aspiration",opportunistic|confident
THEME_THE_DIRECT_DEPOSIT_233,"""The Direct Deposit"":","The ""Tricking"" continues in the form of ""Sponsorship""—paying for the woman's ""Maintenance"" (Hair, Nails, Gym) to keep her looking like a ""Trophy"" for the next event.",,"status, survival, aspiration",calculated|opportunistic
